{"cameraMode":{"drawMode":0,"name":"Shaded","section":"Shading Mode"},"sceneLighting":true,"audioPlay":false,"sceneViewState":{"m_AlwaysRefresh":false,"showFog":true,"showSkybox":false,"showFlares":true,"showImageEffects":true,"showParticleSystems":true,"showVisualEffectGraphs":true,"m_FxEnabled":true},"in2DMode":false,"pivot":{"x":-7.154520034790039,"y":-0.44607651233673098,"z":-1.7635985612869263},"rotation":{"x":-0.15792734920978547,"y":0.7550519108772278,"z":-0.19706417620182038,"w":-0.6051104664802551},"size":1.7807976007461548,"orthographic":false}