{"cameraMode":{"drawMode":0,"name":"Shaded","section":"Shading Mode"},"sceneLighting":false,"audioPlay":false,"sceneViewState":{"m_AlwaysRefresh":false,"showFog":true,"showSkybox":false,"showFlares":true,"showImageEffects":true,"showParticleSystems":true,"showVisualEffectGraphs":true,"m_FxEnabled":true},"in2DMode":false,"pivot":{"x":0.001942455768585205,"y":0.8821597695350647,"z":-0.02876758575439453},"rotation":{"x":-0.12888020277023316,"y":-0.8394700884819031,"z":0.22465106844902039,"w":-0.4782623052597046},"size":3.069906711578369,"orthographic":false}